code;nameGP;nameCompany;city;startYear;startMonth;;;;;;;;;;;
1004451;T.S.J.V.M. Frequin;T.s.j.v.m. Frequin;Alkmaar;1973;1;;;;;;;;;;;
1000909;M. Gunther;Gunther M;Amsterdam;1977;1;;;;;;;;;;;
1006376;C. Wille;Wille C.;Hoofddorp;1979;1;;;;;;;;;;;
1006842;L.P.J. Stelder;Huisartsenpraktijk Stelder;Zaandam;1980;9;;;;;;;;;;;
1007453;W.S. van Randen;Huisartspraktijk Willem S. Van Randen;Amsterdam;1982;7;;;;;;;;;;;
1007578;W.J. Vaarkamp;W.j. Vaarkamp;Badhoevedorp;1983;1;;;;;;;;;;;
1007455;K. Koolbergen;K. Koolbergen;Alkmaar;1983;1;;;;;;;;;;;
1007033;R.H. Coebergh;Coebergh R.h.;Hilversum;1984;2;;;;;;;;;;;
1007155;P. van Esseveldt;P. V. Esseveldt;Amstelveen;1985;2;;;;;;;;;;;
1007232;W. Hartong;W. Hartong;Heiloo;1985;1;;;;;;;;;;;
1006187;E.F.G.M. Plompen;Huisartspraktijk Plompen;Hoofddorp;1986;1;;;;;;;;;;;
1001229;P.A. Pelgrim;Maatschap P.a. Pelgrim En F.n. Pelgrim-Verheij;Hilversum;1987;11;;;;;;;;;;;
1025632;J.F. van Hilten;Praktijk Bovenuit;Amstelveen;1987;1;;;;;;;;;;;
1020804;R. Duursma;Duursma R.;Beverwijk;1988;4;;;;;;;;;;;
1001969;D.E. Mulder;Mulder D.e., slotermeerlaan. ;Amsterdam;1989;1;;;;;;;;;;;
1005152;W.B.M. Harmsen;Huisartsenpraktijk W.b.m. Harmsen;Heemskerk;1989;1;;;;;;;;;;;
1004258;E.P.M. Bolsius;E.p.m. Bolsius;Hoofddorp;1990;2;;;;;;;;;;;
1002952;F.B. Weenink;Huisartsenpraktijk Weenink;Zandvoort;1990;1;;;;;;;;;;;
1020193;L.H.M. Kniest;L.h.m. Kniest;Heemstede;1990;1;;;;;;;;;;;
1002552;E.S. Courant;Courant E;Amsterdam;1990;1;;;;;;;;;;;
1004034;P.M. Grannetia;Grannetia Pm;Amsterdam;1990;1;;;;;;;;;;;
1020046;W. Flapper;Flapper W;Amsterdam;1991;12;;;;;;;;;;;
1005805;D.J. de Boer;Boer Dj De;Amsterdam;1991;1;;;;;;;;;;;
1004764;A.J.H. van der Vinne;Vinne Van Der A.j.h.;Hoofddorp;1991;1;;;;;;;;;;;
1005467;S.M. Keblusek;De Oostkaap;Amsterdam;1991;1;;;;;;;;;;;
1020389;H.G. van Malenstein;H.g. Van Malenstein;Haarlem;1991;1;;;;;;;;;;;
1007946;R.P. Umbgrove;R.p. Umbgrove;Amstelveen;1991;1;;;;;;;;;;;
1005648;P. Olie;Huisartsenpraktijk P. Olie;Amsterdam;1991;1;;;;;;;;;;;
1025706;E.C.M. Kolenberg;Huisartsenpraktijk Kolenberg;Amsterdam;1992;1;;;;;;;;;;;
1020471;M.A.J. Balm;Balm M.a.j.;Haarlem;1992;1;;;;;;;;;;;
1020040;C. de Bruijne;Bruijne C De;Amsterdam;1992;1;;;;;;;;;;;
1020049;J.W.J. Luykx;J.w.j. Luykx;Amstelveen;1992;1;;;;;;;;;;;
1020103;G.J. Kardolus;G.j. Kardolus;Purmerend;1992;1;;;;;;;;;;;
1020105;A.A.P. van Delft;A.a.p. Van Delft;Hoofddorp;1992;1;;;;;;;;;;;
1020152;W.M.G.M. Verwiel;W.m.g.m. Verwiel;Amsterdam;1992;1;;;;;;;;;;;
1020161;C.G. Westerveld;C.g. Westerveld;Benningbroek;1992;1;;;;;;;;;;;
1020254;B.C. van Maanen-Thiel;Huisarts Aan Het Park;Amsterdam;1992;1;;;;;;;;;;;
1020281;H. Weber;H.j. Weber;Nieuw-Vennep;1992;1;;;;;;;;;;;
1020332;M. Staal;M. Staal;Amsterdam;1992;1;;;;;;;;;;;
1020341;M.C.M. van Montfort-Snoek;Huisartsenpraktijk Van Montfort;Heemskerk;1992;1;;;;;;;;;;;
1020549;E. Braak;E. Braak;Zuid-Scharwoude;1993;1;;;;;;;;;;;
1020401;R.J. Walpot;Walpot R.j.;Koog Aan De Zaan;1993;1;;;;;;;;;;;
1020439;C. Heijmans;C. Heijmans;Zaandijk;1993;1;;;;;;;;;;;
1020995;J.B. van Ditmarsch;Hhhpraktijk;Huizen;1993;1;;;;;;;;;;;
1020635;M.H. van Heerde;Huisartsenpraktijk Van Heerde;Amsterdam;1993;1;;;;;;;;;;;
1020478;I.H. Souwer;I.h. Souwer;Middelie;1993;1;;;;;;;;;;;
1020517;C.Y.M. Lioen;Huisartsenpraktijk Lioen;Landsmeer;1993;1;;;;;;;;;;;
1020629;F.A. Poelakker;F.a. Poelakker;Heiloo;1993;1;;;;;;;;;;;
1020588;H.G.J. Schouten;Huisartsenpraktijk Schouten;Naarden;1993;1;;;;;;;;;;;
1020620;V.I. Umans-Mohan;Umans-Mohan Vi;Amsterdam;1993;1;;;;;;;;;;;
1020627;P.A. Berntzen;P.a. Berntzen;Hoofddorp;1993;1;;;;;;;;;;;
1004960;R.F. Lith;Lith Rf;Amsterdam;1990;1;;;;;;;;;;;
1000133;E.R. Peters;Ron Peters Medical Huisartspraktijk;Velsen-Zuid;1988;1;;;;;;;;;;;
1000133;E.R. Peters;Peters E.r.;Velserbroek;1988;1;;;;;;;;;;;
1000252;H.R. Posthumus;H.r. Posthumus;Amsterdam;1975;1;;;;;;;;;;;
1006520;D. Groot;D. Groot;Schoorl;1975;1;;;;;;;;;;;
1001788;J. van Iterson;J. Van Iterson;Amsterdam;1975;1;;;;;;;;;;;
1002878;E. Sarlui;Maatschap E.h. Sarlui/lewkowicz;Amsterdam;1976;1;;;;;;;;;;;
1005801;G.K. Kimsma;Huisartsenpraktijk Kimsma;Westzaan;1977;1;;;;;;;;;;;
1001033;E.R.F. Zipper;Zipper E.r.f.;Amsterdam;1977;1;;;;;;;;;;;
1002541;D. de Vries;Vries De D.;Amsterdam;1977;1;;;;;;;;;;;
1004443;R. Wermenbol;Wermenbol R.;Velsen-Zuid;1979;1;;;;;;;;;;;
1001239;B.H. Roling;B.h. R\xc3\xb6ling Huisarts;Nieuw-Vennep;1979;1;;;;;;;;;;;
1006276;A.E.G.M. Walter;A. Walter Scen Consultatie En Advies;Hilversum;1980;3;;;;;;;;;;;
1006748;K.J. Burlage;Burlage K.j.;Aerdenhout;1980;1;;;;;;;;;;;
1007322;G.A. Bogaerds;Bogaerds G.a.;Amstelveen;1980;1;;;;;;;;;;;
1002600;W.G.M. van Dorst;W.g.m. Van Dorst;Laren Nh;1981;3;;;;;;;;;;;
1001579;A.P.E. Sachs;A.p.e. Sachs;Blaricum;1981;1;;;;;;;;;;;
1007527;E.F. de Leau;Leau De E.f.;Amsterdam;1983;1;;;;;;;;;;;
1003439;R.C. Jansen;Jansen, Robert Charles;Haarlem;1983;1;;;;;;;;;;;
1007034;S.J. Hoogervorst;Huisartspraktijk Hoogervorst;Amstelveen;1984;1;;;;;;;;;;;
1006963;T.S. Prins;Ts Prins Huisarts;Monnickendam;1984;1;;;;;;;;;;;
1001401;J. de Zoeten;Praktijk Sternstraat De Zoeten;Purmerend;1985;10;;;;;;;;;;;
1007200;G.J. Vos;Vos G.j.;Haarlem;1985;1;;;;;;;;;;;
1001640;D. Smits;D. Smits;Muiden;1987;4;;;;;;;;;;;
1005056;E.P. Bartels;E.p. Bartels;Velsen-Noord;1987;1;;;;;;;;;;;
1007879;G. de Bruijn;Praktijkhoofdweg;Amsterdam;1987;1;;;;;;;;;;;
1002207;A.H. Bollongino;Bollongino A.h.;Hilversum;1988;12;;;;;;;;;;;
1000099;J.L.J.M. Theunissen;Theunissen Huisartsenpraktijk B.v.;Amsterdam;1988;1;;;;;;;;;;;
1002080;J.G.M. Pouw;J.g.m. Pouw;Beverwijk;1989;1;;;;;;;;;;;
1000723;G.O. Polderman;Polderman G.o.;Amstelveen;1989;1;;;;;;;;;;;
1005079;J.A.M. Smits;Smits J.a.m.;Amsterdam;1990;11;;;;;;;;;;;
1005602;J.H. den Haan;Haan Jh Den;Amsterdam;1991;1;;;;;;;;;;;
1007954;J.Y. de Jong;J Y De Jong Huisarts;Amsterdam;1991;1;;;;;;;;;;;
1020261;L. Buijs;L. Buijs;Amsterdam;1992;5;;;;;;;;;;;
1020138;E. Simons;Maatschap M.c. Duijn En E. Simons;Amsterdam;1992;2;;;;;;;;;;;
1020180;F.J. Kok;Kok F.j.;Haarlem;1992;1;;;;;;;;;;;
1020346;K.A. Puts-Kozlewicz;Puts-Kozlewicz Ka;Amsterdam;1992;1;;;;;;;;;;;
1020579;E.T.C. Kelling;Kelling Etc;Amsterdam;1993;1;;;;;;;;;;;
1020717;T.J.M. Schumacher;T.j.m. Schumacher;Heemskerk;1992;1;;;;;;;;;;;
1000974;R.G. Ifl\xc3\xa9;Bwo Huisartsen;Volendam;1977;1;;;;;;;;;;;
1000974;R.G. Ifl\xc3\xa9;Look@yourself Bv;Volendam;1977;1;;;;;;;;;;;
1001648;J. Nederhof;Nederhof J.;Amsterdam;1980;1;;;;;;;;;;;
1001648;J. Nederhof;Asterweg Medisch Centrum Noord B.v.;Amsterdam;1980;1;;;;;;;;;;;
1007345;H.B. Burggraaff;Burggraaff H.b.;Weesp;1984;2;;;;;;;;;;;
1007795;P.H. de Groof;Groof De P.h.;Haarlem;1985;1;;;;;;;;;;;
1007727;J.H. Segers;J.h. Segers;Huizen;1986;10;;;;;;;;;;;
1007704;J.P.M. Bots;Huisartsenpraktijk Bots;Uithoorn;1986;9;;;;;;;;;;;
1007656;H.J.H. Leijssen;Leijssen H.;Amsterdam;1986;1;;;;;;;;;;;
1007742;C.A.M. Limmen;Limmen C.a.m.;Haarlem;1986;1;;;;;;;;;;;
1007948;C.J.M. Melcherts;Huisartsenpraktijk Dorpsstraat;Landsmeer;1989;1;;;;;;;;;;;
1001314;A. Visser;Huisartsen Centrumwaard;Heerhugowaard;1989;1;;;;;;;;;;;
1001265;C.P.M. Mak;Huisartsenpraktijk Abbekerk-Twisk;Abbekerk;1989;1;;;;;;;;;;;
1025494;H.E. Fokke;"Fokke Arts Concepts &amp; Copy";Amsterdam;1990;1;;;;;;;;;;;
1003234;D.J. van Wijk;Maatschap Gez-Mcm;Uitgeest;1990;1;;;;;;;;;;;
1003580;C.M. Oidtmann;Huisartspraktijk Oidtmann;Haarlem;1990;1;;;;;;;;;;;
1003586;H.J.A. Mulder;H.j.a. Mulder;Landsmeer;1990;1;;;;;;;;;;;
1004064;A.C.J. Geerlings;A.c.j. Geerlings;Koog Aan De Zaan;1990;1;;;;;;;;;;;
1007928;A.M. Heijnen;Huisartsenpraktijk A.m. Heijnen;Amsterdam;1991;1;;;;;;;;;;;
1007951;J.B.J. Dries;Praktijk De Wilg;Koedijk;1991;1;;;;;;;;;;;
1007955;S. Mahesh;S. Mahesh;Amstelveen;1991;1;;;;;;;;;;;
1025632;J.F. van Hilten;J.f. Van Hilten;Amstelveen;1987;1;;;;;;;;;;;
1000643;J.J.G. Kramer;Huisarts J.j.g. Kramer;Groet;1983;1;;;;;;;;;;;
1006872;H.H. Hofstee;Groepspraktijk Badhoevedorp;Badhoevedorp;1983;1;;;;;;;;;;;
1020975;P.S. Joustra;Joustra P.s.;Ijmuiden;1994;10;;;;;;;;;;;
1020937;R.R. Blees;Blees R.r.;Bussum;1994;1;;;;;;;;;;;
1020719;H.W. Wybenga;H.w. Wybenga;Hoorn Nh;1994;1;;;;;;;;;;;
1020738;J.W.C. de Ridder;Op Eigen Vleugels Verder;Amsterdam;1994;1;;;;;;;;;;;
1020740;F.M.G.M. Oostendorp;Oostendorp F.m.g.m.;Hilversum;1994;1;;;;;;;;;;;
1020758;P.C. Bossen;Bossen P.c.;Amsterdam;1994;1;;;;;;;;;;;
1020770;M. Rumke-Gemmeke;Huisartspraktijk Nieuw Den Helder;Den Helder;1994;1;;;;;;;;;;;
1020813;F. Broekema;F. Broekema;Zaandam;1994;1;;;;;;;;;;;
1020814;A.L.M. Kiel;Summertown B.v.;Zaandam;1994;1;;;;;;;;;;;
1020830;M.L.A. Comans;M.l.a. Comans;Alkmaar;1994;1;;;;;;;;;;;
1020875;R.J.J. Kemperman;Kemperman R.j.j.;Velsen-Zuid;1994;1;;;;;;;;;;;
1020897;T.S.W. Posthuma;Posthuma Tsw;Amsterdam;1994;1;;;;;;;;;;;
1020901;J.A. Beeker;Huisarts Kronenburg B.v.;Amstelveen;1994;1;;;;;;;;;;;
1020962;C.M. Captein;Huisarts Lia Captein;Amsterdam;1994;1;;;;;;;;;;;
1021057;W.M. de Korte;W.m. De Korte;Purmerend;1995;2;;;;;;;;;;;
1021060;J.P.A.M. Berden;J.p.a.m. Berden;Naarden;1995;1;;;;;;;;;;;
1022235;M.E.C. Neijens;Neijens Huisartsenpraktijk;Amsterdam;1995;1;;;;;;;;;;;
1021026;V.A.W. van Vliet;V.a.w. Van Vliet;Heerhugowaard;1995;1;;;;;;;;;;;
1021084;A.J. de Jager;A.j. De Jager;Medemblik;1995;1;;;;;;;;;;;
1021114;R.A.J. Hijmering;R.a.j. Hijmering;Alkmaar;1995;1;;;;;;;;;;;
1021148;E.C.M. Mens;Huisartsenpraktijk Dokter Mens;Heerhugowaard;1995;1;;;;;;;;;;;
1021159;N. Smit;N. Smit;Alkmaar;1995;1;;;;;;;;;;;
1021591;G.W.M. Bongers;Huisartsenpraktijk De Dennenlaan;Zwanenburg;1996;12;;;;;;;;;;;
1021362;R.M. Foppen;Foppen Rm;Amsterdam;1996;1;;;;;;;;;;;
1021306;M.L. Liefeld;Liefeld Ml;Amsterdam;1996;1;;;;;;;;;;;
1021298;P.A.M. Laan;P.a.m. Laan;Noord-Scharwoude;1996;1;;;;;;;;;;;
1021067;J.A.C.M. van Berckel Smit;Huisartsenpraktijk Hygieaplein;Amsterdam;1996;1;;;;;;;;;;;
1021259;A.C. van Randwijk;A.c. Van Randwijk;Loosdrecht;1996;1;;;;;;;;;;;
1021243;P.J. Buijs;P.j. Buijs;Hoorn Nh;1996;1;;;;;;;;;;;
1021679;E.H.W. van Beek;E.h.w. Van Beek;Heemstede;1997;1;;;;;;;;;;;
1021715;P.A. Grootenhuis;P.a. Grootenhuis;Hoorn Nh;1997;1;;;;;;;;;;;
1021692;J.J.M. Bakx;Bakx J.j.;Ijmuiden;1997;1;;;;;;;;;;;
1021750;J.E.A. Bel;Huisarts J.e.a. Bel;Heerhugowaard;1997;1;;;;;;;;;;;
1021523;H.L. Kieviet;Kieviet H.l.;Amstelveen;1997;1;;;;;;;;;;;
1021524;F.A. Strootman;F.a. Strootman;Wormer;1997;1;;;;;;;;;;;
1021548;T. van Mierop;Huisartsenpraktijk Grote Waal;Hoorn Nh;1997;1;;;;;;;;;;;
1021560;C.J. Oele;Oele C.j.;Zaandam;1997;1;;;;;;;;;;;
1021577;P.P. Bax;P.p. Bax;Beverwijk;1997;1;;;;;;;;;;;
1021582;F.J. van Schie;Fj Van Schie;Wormer;1997;1;;;;;;;;;;;
1021587;K.G. Visser;Visser K.g;Hoorn Nh;1997;1;;;;;;;;;;;
1021736;J.W. de Jonge;J.w. De Jonge;Purmerend;1997;1;;;;;;;;;;;
1021637;J. Koper;J. Koper;Edam;1997;1;;;;;;;;;;;
1021090;H.G.M. Boersma;Huisartsenpraktijk Michiel Boersma;Hilversum;1998;10;;;;;;;;;;;
1027356;H.A. Veldman;Zinchroon;Warmenhuizen;1998;10;;;;;;;;;;;
1007628;J. Dekker;Dekker J.;Hoofddorp;1998;10;;;;;;;;;;;
1007427;P.J. van der Wilk;P.j. Van Der Wilk;Alkmaar;1998;10;;;;;;;;;;;
1006219;A. van der Marel;A. Van Der Marel;Venhuizen;1998;10;;;;;;;;;;;
1000017;E.P. Heeneman;Heeneman E.p.;Halfweg;1998;10;;;;;;;;;;;
1023966;T.H. Spies;T.h. Spies;Bergen Nh;1998;10;;;;;;;;;;;
1000370;R. Pekelharing;R. Pekelharing, Scen Arts;Hilversum;1998;10;;;;;;;;;;;
1027084;C.C.A.N. van Oppen;Huisartsenpraktijk Bloemendaal;Bloemendaal;1998;10;;;;;;;;;;;
1027161;P.G.N. Scherpenzeel;P.g.n. Scherpenzeel;Haarlem;1998;10;;;;;;;;;;;
1023157;A.I. van Heusden;Huisartsenzorg Ap/bz B.v.;Breezand;1998;10;;;;;;;;;;;
1021720;C.H. Stronkhorst;Praktijk Stronkhorst;Haarlem;1998;1;;;;;;;;;;;
1021752;W.C.M. de Haas;Haas Wcm De;Amsterdam;1998;1;;;;;;;;;;;
1021840;R.A.C. Timmer;Huisartsenpraktijk Timmer;Zaandam;1998;1;;;;;;;;;;;
1021861;S.M. Oei;Oei Sm;Amsterdam;1998;1;;;;;;;;;;;
1021874;D. Coppoolse;Huisartspraktijk D. Coppoolse;Castricum;1998;1;;;;;;;;;;;
1021882;A.B. Gietema;A.b. Gietema;Amsterdam;1998;1;;;;;;;;;;;
1021893;M. Evenaar;M. Evenaar;Amsterdam;1998;1;;;;;;;;;;;
1021927;R.T. te Slaa;R.t. Te Slaa;Haarlem;1998;1;;;;;;;;;;;
1021946;W.B. Visser;W.b. Visser;Heemskerk;1998;1;;;;;;;;;;;
1021965;B.A.J. Visser;Baj Visser;Amsterdam;1998;1;;;;;;;;;;;
1021985;E.E. van Waning;Waning Van E.e.;Hilversum;1998;1;;;;;;;;;;;
1022014;B.A. Cloosterman;B.a. Cloostermann;Badhoevedorp;1998;1;;;;;;;;;;;
1025026;J.V. Levert;Praktijk Lorentz-Levert;Den Helder;1998;1;;;;;;;;;;;
1023047;M.M. Markvoort;Huisartspraktijk Markvoort;Akersloot;1998;1;;;;;;;;;;;
1025740;M.S. Sedelaar;Huisartsenpraktijk Sedelaar;Loosdrecht;1998;1;;;;;;;;;;;
1026838;C.G. Zijlstra;Zijlstra Cg;Amsterdam;1998;1;;;;;;;;;;;
1022082;R.L.P. Ritz;Roju B.v.;Amsterdam;1998;1;;;;;;;;;;;
1022089;C.J. Sikkel;C.j. Sikkel;Haarlem;1998;1;;;;;;;;;;;
1022746;M. te Paske;Huisartspraktijk Te Paske;Nieuw-Vennep;1999;12;;;;;;;;;;;
1022367;S.J. van der Boog;Huisartspraktijk S.j. Van Der Boog;Haarlem;1999;8;;;;;;;;;;;
1022217;P. Linthorst;Huisartsenpraktijk P. Linthorst;Hilversum;1999;4;;;;;;;;;;;
1004974;S.H. Jiawan;"Huisartspraktijk &quot;zeeburgerdijk&quot;";Amstelveen;1999;3;;;;;;;;;;;
1024505;E.C. Cambridge;Cambridge Medical;Amsterdam;1999;3;;;;;;;;;;;
1024505;E.C. Cambridge;Central Doctors B.v.;Amsterdam;1999;3;;;;;;;;;;;
1004974;S.H. Jiawan;Maatschap Jiawan/jiawan Ganesh;Amstelveen;1999;3;;;;;;;;;;;
1004865;J. van der Linde;Linde Van Der J.;Amsterdam;1999;3;;;;;;;;;;;
1024383;M.E. De Graaff - Buijs;Huisartsenpraktijk Panacea;Hilversum;1999;2;;;;;;;;;;;
1022328;K. Siderakis;K. Siderakis;Naarden;1999;2;;;;;;;;;;;
1022088;M. Rekers;Rekers;Heemstede;1999;1;;;;;;;;;;;
1022305;F.H.A.M. Hoppenbrouwer;Hoppenbrouwer Fham;Amsterdam;1999;1;;;;;;;;;;;
1022296;F.J.W. Kalf;Huisartsenpraktijk Kalf;Nieuw-Vennep;1999;1;;;;;;;;;;;
1022034;A. Steketee;Huisartspraktijk A. Steketee;Krommenie;1999;1;;;;;;;;;;;
1022044;A.T.F. Mulder;Atf Mulder Huisarts;Amsterdam;1999;1;;;;;;;;;;;
1022413;S.F. Hartkamp;Praktijk Lorentz - Hartkamp;Den Helder;1999;1;;;;;;;;;;;
1022054;M.A. de Lange;De Lange;Uithoorn;1999;1;;;;;;;;;;;
1022065;H.W. van der Neut;Neut Van Der H.w.;Amsterdam;1999;1;;;;;;;;;;;
1022069;A.P. Coppes;A.p. Coppes;Avenhorn;1999;1;;;;;;;;;;;
1022295;G.J. de Bruijn;Huisartsenpraktijk G.j. De Bruijn;Heemskerk;1999;1;;;;;;;;;;;
1022290;H.E.J. Kool;Huisartspraktijk Kool;Ijmuiden;1999;1;;;;;;;;;;;
1022070;J.G.M.M. Kuilboer;J.g.m.m. Kuilboer;Sint Maartensbrug;1999;1;;;;;;;;;;;
1026658;A.M. Lanting;Medisch Centrum Sz;Santpoort-Zuid;1999;1;;;;;;;;;;;
1022262;G.A. Cleyndert;Huisartsenpraktijk Cleyndert;Assendelft;1999;1;;;;;;;;;;;
1022319;R. Nijhof;Nijhof R;Amsterdam;1999;1;;;;;;;;;;;
1022242;H. Gimbel;H. Gimbel;Heerhugowaard;1999;1;;;;;;;;;;;
1022081;G.N. Konijn;G.n. Konijn;Purmerend;1999;1;;;;;;;;;;;
1022218;E.M. Tibosch;Huisartsenpraktijk Tibosch;Amsterdam;1999;1;;;;;;;;;;;
1022188;F. de Haan;F De Haan;Heiloo;1999;1;;;;;;;;;;;
1022085;M.C.M. Galema;Mcm Galema;Bussum;1999;1;;;;;;;;;;;
1022087;A.R. Jonkhoff;Jonkhoff A.r.;Haarlem;1999;1;;;;;;;;;;;
1022676;N. Adamo;Premeo B.v.;Hoofddorp;2000;11;;;;;;;;;;;
1022434;H.J. van den Bent;H.j. Van Den Bent;Wervershoof;2000;5;;;;;;;;;;;
1022552;E.W. van de Beek;E.w. Van De Beek;Laren Nh;2000;3;;;;;;;;;;;
1022810;K. Rahimtoola;K. Rahimtoola;Alkmaar;2000;1;;;;;;;;;;;
1022772;T. Kidane;Huisartsenpraktijk Reigerstraat;Den Helder;2000;1;;;;;;;;;;;
1022744;M.G.J.M. Mensink;Huisartsenpraktijk Mensink;Haarlem;2000;1;;;;;;;;;;;
1024181;E. Vrolijk;Huisartsenpraktijk Vrolijk Mcrh;Amsterdam;2000;1;;;;;;;;;;;
1022729;P.W.J. Plantinga;P.w.j. Plantinga;Beverwijk;2000;1;;;;;;;;;;;
1022628;W.B. van Duijn;Huisartsenpraktijk W.b. Van Duijn;Amsterdam;2000;1;;;;;;;;;;;
1022561;J.C. Schuur;Huisartsenpraktijk De Meent;Hilversum;2000;1;;;;;;;;;;;
1022551;D.F. de Boer;D.f. De Boer;"&#039;t Zand Nh";2000;1;;;;;;;;;;;
1022522;R.T.N. Oud;Oud Rtn;Amsterdam;2000;1;;;;;;;;;;;
1022425;S. Voskuil;S. Voskuil;Heiloo;2000;1;;;;;;;;;;;
1022402;F.X.W.M. Hofman;Hofman Fxwm;Amsterdam;2000;1;;;;;;;;;;;
1022384;F.A.H. Erven;Erven Fah;Amsterdam;2000;1;;;;;;;;;;;
1023423;A.J. van Wieringen;Huisartsenpraktijk De Gors Bv;Purmerend;2000;1;;;;;;;;;;;
1022714;M. van der Plas;M. Van Der Plas;Nieuw-Vennep;2000;1;;;;;;;;;;;
1025676;K. Slot;Huisartsenpraktijk Slot;Blaricum;2001;8;;;;;;;;;;;
1023569;M.C.J. Meuwissen-Monquil;Huisartspraktijk Meuwissen Monquil;Haarlem;2001;3;;;;;;;;;;;
1023162;M.A.B.M. Christiaanse;M.a.b.m. Christiaanse;Haarlem;2001;1;;;;;;;;;;;
1022750;K.I. Holdijk;K.i. Holdijk;Hoofddorp;2001;1;;;;;;;;;;;
1022793;A. Teszler;Teszler A.;Diemen;2001;1;;;;;;;;;;;
1022856;A. Schipper;Huisartsenpraktijk Schipper;Hilversum;2001;1;;;;;;;;;;;
1022863;G.J. van Vliet;G.j. Van Vliet;Haarlem;2001;1;;;;;;;;;;;
1023192;C.A. Zwart;C.a. Zwart;Haarlem;2001;1;;;;;;;;;;;
1022894;M. Bakker;Huisartsenpraktijk Marco Bakker;Castricum;2001;1;;;;;;;;;;;
1022911;C.H. Jansen;Huisartsenpraktijk De Schermer;Stompetoren;2001;1;;;;;;;;;;;
1022916;A. Gobel;A. Gobel;Amstelveen;2001;1;;;;;;;;;;;
1022921;J.H. Aalberts;J.h. Aalberts;Noord-Scharwoude;2001;1;;;;;;;;;;;
1026087;H.J.M. Janssen Steenberg;Huisartsenpraktijk Keverdijk;Naarden;2001;1;;;;;;;;;;;
1022976;J. van Dok;Dok J. Van;Bussum;2001;1;;;;;;;;;;;
1023002;M.E. Israel;Israel M.e.;Haarlem;2001;1;;;;;;;;;;;
1023010;J.B. Kappeyne Van De Coppello;Huisartsenpraktijk Kappeijne Van De Coppello;Amsterdam;2001;1;;;;;;;;;;;
1023038;E.M. Smit;Huisartsenpraktijk E.m. Smit;Grootebroek;2001;1;;;;;;;;;;;
1023057;L. de Graaf-Strukowska;L. De Graaf-Strukowska;Hoofddorp;2001;1;;;;;;;;;;;
1025528;T.N. Ibssa-De Boer;Huisartspraktijk Biesbosch;Amstelveen;2001;1;;;;;;;;;;;
1025528;T.N. Ibssa-De Boer;Huisartspraktijk T.n. Ibssa-De Boer;Amstelveen;2001;1;;;;;;;;;;;
1023061;J. Mohammadnia;Mohammadnia;Castricum;2001;1;;;;;;;;;;;
1025233;W.J. de Vries;Huisartsenpraktijk Aalsmeer-Oost;Aalsmeer;2001;1;;;;;;;;;;;
1025018;R. Rietveld;Dhr.r.p. Rietveld - Huisartsen Centrumwaard;Heerhugowaard;2001;1;;;;;;;;;;;
1025019;M.H. de Witte;Huisartsenpraktijk De Witte;De Koog;2001;1;;;;;;;;;;;
1023088;H.R. Westerborg;Westerborg Hr;Amsterdam;2001;1;;;;;;;;;;;
1100492;R. Berghuis;Huisartspraktijk Dokter Berghuis;Landsmeer;2002;9;;;;;;;;;;;
1025249;N.E.M. Prins;Huisartsenpraktijk Prins;Velsen-Noord;2002;9;;;;;;;;;;;
1023193;M. Kenters;Kenters M.;Nieuw-Vennep;2002;4;;;;;;;;;;;
1024802;C.M. van Hasselt;C.m. Van Hasselt Huisartspraktijk;Amsterdam;2002;4;;;;;;;;;;;
1023451;M.H. Brooks;Brooks M.h.;Hilversum;2002;1;;;;;;;;;;;
1023352;M.P. Kramer;M.p. Kramer;Naarden;2002;1;;;;;;;;;;;
1023136;J.A. Boodt;J.a. Boodt;Amstelveen;2002;1;;;;;;;;;;;
1023164;W. Seelt;Huisartsenpraktijk Seelt;Hoorn Nh;2002;1;;;;;;;;;;;
1024445;J.J. Baars;Huisartsenpraktijk Hogeweg;Amsterdam;2002;1;;;;;;;;;;;
1026942;I.A. van Rij;Psychotherapie En Seksuologie, Sechaarlem;Haarlem;2002;1;;;;;;;;;;;
1023433;P.H. Hidalgo;Huisartsenpraktijk Nieuwendam B.v.;Zaandam;2002;1;;;;;;;;;;;
1026942;I.A. van Rij;Ilse Van Rij;Haarlem;2002;1;;;;;;;;;;;
1023186;C.A. Nitzsche;Nitzsche C.a.;Bussum;2002;1;;;;;;;;;;;
1023202;H.C. Kaandorp;H.c. Kaandorp;Zwaag;2002;1;;;;;;;;;;;
1023228;B.S. Bouman;Bouman;Amsterdam;2002;1;;;;;;;;;;;
1023275;A.N.M. van Grunsven;Grunsven Anm Van;Amsterdam;2002;1;;;;;;;;;;;
1023286;A.B. Pape;A.b. Pape;Bussum;2002;1;;;;;;;;;;;
1023307;S.A. de Waal;Huisartsenpraktijk Buikslotermeer;Amsterdam;2002;1;;;;;;;;;;;
1023330;J. Hertel;Huisartsenpraktijk Hertel;Zaandam;2002;1;;;;;;;;;;;
1023333;G.K. Mitrasing;G.k. Mitrasing;Heerhugowaard;2002;1;;;;;;;;;;;
1023135;M.J.A. Hermans;M.j.a. Hermans Huisarts;Hoofddorp;2002;1;;;;;;;;;;;
1023341;P.M.E.M. Hendriks;Huisartsenpraktijk Spaarndam;Spaarndam;2002;1;;;;;;;;;;;
1023348;A.Y. Seignette-Shauli;Huisartsenpraktijk Bos En Lommer Dokters;Amsterdam;2002;1;;;;;;;;;;;
1023410;J. de Milliano;Huisartsenpraktijk Nassaulaan;Haarlem;2002;1;;;;;;;;;;;
1023396;R.H.A. Hamers;Hamers;Bussum;2002;1;;;;;;;;;;;
1023392;M.F. Naber;Naber M.f.;Heemskerk;2002;1;;;;;;;;;;;
1025648;M. Swart;Huisartsenpraktijk Swart;Amsterdam;2003;10;;;;;;;;;;;
1027227;J. Baars;Huisartspraktijk Baars;Nieuw-Vennep;2003;10;;;;;;;;;;;
1026738;R.P. Huisman;"Huisartsenpraktijk Huisman &amp; Veenstra";Uitgeest;2003;5;;;;;;;;;;;
1025559;M.R.M. van Philips;Doctor On Board;Heiloo;2003;4;;;;;;;;;;;
1025198;J. van der Putte;J. Van Der Putte;Purmerend;2003;2;;;;;;;;;;;
1023456;A. Noor;Praktijk Noor ;Uithoorn;2003;1;;;;;;;;;;;
1023852;C.A.G. Kuiper;Huisartsenpraktijk Mevr. C.kuiper;Haarlem;2003;1;;;;;;;;;;;
1023413;F. Slabbekoorn;Huisartsenpraktijk Slabbekoorn;Nieuw-Vennep;2003;1;;;;;;;;;;;
1023772;S.F. Gaffar;Gaffar S F;Amsterdam;2003;1;;;;;;;;;;;
1023426;D.C. van der Wardt;D.c. Van Der Wardt;Hippolytushoef;2003;1;;;;;;;;;;;
1023446;R.J. Vis;R.j. Vis;Alkmaar;2003;1;;;;;;;;;;;
1023718;D.D. van Zuylen-Van Den Berg;Huisartsenpraktijk Van Zuylen;Amstelveen;2003;1;;;;;;;;;;;
1026251;E.J. Hartendorp;Huisartspraktijk Hartendorp;Schoorl;2003;1;;;;;;;;;;;
1023714;F.M. Movig;F.m. Movig;Haarlem;2003;1;;;;;;;;;;;
1023692;M. Voerknecht;Voerknecht M.;Bussum;2003;1;;;;;;;;;;;
1023630;M.D. Souprayen;Medisch Centrum De Overkant;Amsterdam;2003;1;;;;;;;;;;;
1023630;M.D. Souprayen;Souprayen M.d.;Amsterdam;2003;1;;;;;;;;;;;
1026744;M.A. Sweers;Ma Sweers;Monnickendam;2003;1;;;;;;;;;;;
1023570;J.A.M. Clemens;Huisartsenpraktijk Vechtrijk Bv Weesp;Weesp;2003;1;;;;;;;;;;;
1023570;J.A.M. Clemens;Huisartsenpraktijk Aemstelwijck Bv Ouderkerk;Ouderkerk Aan De Amstel;2003;1;;;;;;;;;;;
1023558;S.B. Verheul;S.b. Verheul;Zwaag;2003;1;;;;;;;;;;;
1023174;F.M.P. Neek;Huisartsenpraktijk Zaandam Oost;Zaandam;2003;1;;;;;;;;;;;
1023538;E.H. Groeneweg;Huisartsenpraktijk Dirkshorn;Dirkshorn;2003;1;;;;;;;;;;;
1024360;M.M. Hamming;Hamming M.m.;Haarlem;2003;1;;;;;;;;;;;
1023529;J.B. Kruisselbrink;Huisartsenpraktijk Amsteldijk Ii;Amsterdam;2003;1;;;;;;;;;;;
1023517;K. de Waart;Huisartsenpraktijk K De Waart;Assendelft;2003;1;;;;;;;;;;;
1023467;S.N. Eijking;Sn Eijking;Amsterdam;2003;1;;;;;;;;;;;
1023762;M.G.P. Posthouwer;M.g.p. Posthouwer;Heerhugowaard;2003;1;;;;;;;;;;;
1027261;S. Sluis;Huisartsenpraktijk Sluis;Hilversum;2004;12;;;;;;;;;;;
1024243;N. Esselink;Medisch Kwartier;Amsterdam;2004;12;;;;;;;;;;;
1024091;O.F. Verkruisen;Verkruisen O.f.;Heemskerk;2004;12;;;;;;;;;;;
1025159;A.N. Scheer;Huisartsenpraktijk Scheer;Blokker;2004;9;;;;;;;;;;;
1026661;D.R. Windhorst;Huisartspraktijk Windhorst;Haarlem;2004;9;;;;;;;;;;;
1026534;C.M.F. van de Sanden;Van De Sanden;Hilversum;2004;9;;;;;;;;;;;
1025891;J. Schulte;Huisartsenpraktijk Schulte;Amsterdam;2004;3;;;;;;;;;;;
1024375;E.A.B. Pos;Pos;Amsterdam;2004;1;;;;;;;;;;;
1025048;A. Reuvekamp;Reuvekamp;Amsterdam;2004;1;;;;;;;;;;;
1025061;M.P.J. Kraus;Kraus;Alkmaar;2004;1;;;;;;;;;;;
1024254;O.L.A. van der Cingel;Huisartsenpraktijk Weteringschans;Amsterdam;2004;1;;;;;;;;;;;
1023771;R.M.M. Bakx;Bakx Huisartsenpraktijk;Santpoort-Noord;2004;1;;;;;;;;;;;
1023795;Q.L. Nguyen;Q.l. Nguyen;Hoofddorp;2004;1;;;;;;;;;;;
1023795;Q.L. Nguyen;Praktijk-Nguyen B.v.;Hoofddorp;2004;1;;;;;;;;;;;
1023811;M.A. Baak;Baak M.a.;Haarlem;2004;1;;;;;;;;;;;
1023816;S.M. Terborg;Terborg Sm;Amsterdam;2004;1;;;;;;;;;;;
1023848;R.E. Beunder;Broekpolder Huisartsenpraktijk;Heemskerk;2004;1;;;;;;;;;;;
1023890;M. Weijtlandt;M. Weijtlandt;Amstelveen;2004;1;;;;;;;;;;;
1023934;E.V. Wielaard-Simons;Whw Wielaard Huisarts Waarnemingen;Badhoevedorp;2004;1;;;;;;;;;;;
1023954;V. Micic;V. Micic;Amsterdam;2004;1;;;;;;;;;;;
1023991;R. Bartens;Huisartsenpraktijk Bartens;Warmenhuizen;2004;1;;;;;;;;;;;
1024008;R.G. Naarden;Huisartsenpraktijk Naarden;Haarlem;2004;1;;;;;;;;;;;
1023991;R. Bartens;Misa Medical;Warmenhuizen;2004;1;;;;;;;;;;;
1023995;V. Ilic;Westerdokters;Amsterdam;2004;1;;;;;;;;;;;
1023992;J.M. Brinkers;J.m. Brinkers;Loosdrecht;2004;1;;;;;;;;;;;
1025116;M.K. Hoogbruin;M.k. Hoogbruin - Huisarts;Den Helder;2005;11;;;;;;;;;;;
1025391;F.L.W.J. Petrus;Petrus;Alkmaar;2005;9;;;;;;;;;;;
1024292;J.H. Leijer;J.p.h. Leijer;Amsterdam;2005;6;;;;;;;;;;;
1025620;B.W. Joenje;Huisartsenpraktijk Joenje;Amsterdam;2005;5;;;;;;;;;;;
1025661;E.R. de Jager-Mkheidze;Huisartsenpraktijk Van Baerle E.r. De Jager-Mk;Amsterdam;2005;4;;;;;;;;;;;
1102703;N. van der Woude;N Van Der Woude;Amstelveen;2005;4;;;;;;;;;;;
1024178;J.T. Noordhof;J. Noordhof;Alkmaar;2005;3;;;;;;;;;;;
1025045;M.R. Kolthof;Kolthof Mr;Amsterdam;2005;2;;;;;;;;;;;
1024051;L.A.M. Verkouteren;Het Baken Huisartsenpraktijk;Ijmuiden;2005;1;;;;;;;;;;;
1025600;M. Cohen;Praktijk Camper;Amsterdam;2005;1;;;;;;;;;;;
1024058;O.N. Zeijlstra;Vijzelgracht Huisartsen;Amsterdam;2005;1;;;;;;;;;;;
1025834;J.L. van Tricht;J.l. Van Tricht, Waarnemend Huisarts;Amsterdam;2005;1;;;;;;;;;;;
1024059;J.M. Dekker;Hap Watergraafsmeer;Amsterdam;2005;1;;;;;;;;;;;
1024064;T. Groot;Huisartsenpraktijk Westeinder;Aalsmeer;2005;1;;;;;;;;;;;
1025354;M.A. Windhausen;M.a. Windhausen Huisarts B.v.;Amsterdam;2005;1;;;;;;;;;;;
1024095;J. Mehrtens;Ihap-West;Amsterdam;2005;1;;;;;;;;;;;
1024172;M.L.M. Buwalda;M.l.m. Buwalda;Badhoevedorp;2005;1;;;;;;;;;;;
1025162;W. Endel;Huisartsenpraktijk Endel;Bussum;2005;1;;;;;;;;;;;
1024196;R.J. Sonnenberg;R.j. Sonnenberg;Broek Op Langedijk;2005;1;;;;;;;;;;;
1024218;E.L.M.M. Jongen;Jongen Elmm;Amsterdam;2005;1;;;;;;;;;;;
1024286;K.F.H. Duiser;Duiser K.f.h.;Amsterdam;2005;1;;;;;;;;;;;
1025029;D. van Wijngaarden;Van Wijngaarden;Amsterdam;2005;1;;;;;;;;;;;
1024369;J.G. Hoogland;J.g. Hoogland;Amstelveen;2005;1;;;;;;;;;;;
1024983;E.J. Eijkelkamp;Kindt Clinics;Amsterdam;2006;11;;;;;;;;;;;
1026763;I.H. van Ool;Huisartsenpraktijk De Bongerd;Zuid-Scharwoude;2006;11;;;;;;;;;;;
1025967;P.B. Drosten;Drosten Medical Consult Bv;Amsterdam;2006;10;;;;;;;;;;;
1100195;A.S. Eijtinger;A.s. Eijtinger;Amstelveen;2006;10;;;;;;;;;;;
1026089;G.N. Willems;Gn Willems-Panneflek;Amsterdam;2006;10;;;;;;;;;;;
1028963;A. Philipsen;Huisartsenpraktijk De Goorn;De Goorn;2006;10;;;;;;;;;;;
1026729;S. Tedjoe;Huisartspraktijk S. Tedjoe;Broek In Waterland;2006;10;;;;;;;;;;;
1024670;K. Samadi;K Samadi Huisarts B.v.;Amsterdam;2006;9;;;;;;;;;;;
1029099;A.E.J.A.R.P. de Lange;Huisartspraktijk Blokker;Blokker;2006;9;;;;;;;;;;;
1028965;M.A. Montauban;Huisartspraktijk Montauban;Bergen Nh;2006;9;;;;;;;;;;;
1025863;S. Sicart-Alcayde;Huisartspraktijk Familia;Amsterdam;2006;8;;;;;;;;;;;
1024923;A. Naimi Azghadi;Huisartsenpraktijk Zuid Oost;Amsterdam;2006;8;;;;;;;;;;;
1024923;A. Naimi Azghadi;Huisartsenpraktijk Avecinna;Amsterdam;2006;8;;;;;;;;;;;
1100021;J.M.B. van Warmerdam;Jvwhuisartswaarneming;Badhoevedorp;2006;6;;;;;;;;;;;
1027174;K.I. Metlik;Hp Metlik;Purmerend;2006;6;;;;;;;;;;;
1025927;H.J.T.A.M. Peters;Huisartsenpraktijk Peters;Haarlem;2006;3;;;;;;;;;;;
1026752;B. Tanis;Huisarts B. Tanis;Loosdrecht;2006;3;;;;;;;;;;;
1028714;P. Klaui;P. Klaui;Amstelveen;2006;3;;;;;;;;;;;
1025543;A.G.J. Botic-Munster;Agj Munster - Medisch Centrumwaard;Heerhugowaard;2006;3;;;;;;;;;;;
1025552;N. Doeven-Eriks;N. Doeven-Eriks;Alkmaar;2006;2;;;;;;;;;;;
1025430;J. Galavazi;J. Galavazi;Naarden;2006;1;;;;;;;;;;;
1024558;A. Mehrzad;A. Mehrzad;Zaandam;2006;1;;;;;;;;;;;
1024615;E. Gianotten;Huisartspraktijk E. Gianotten;Heiloo;2006;1;;;;;;;;;;;
1025497;D.F. Reijmerink;D.f. Reijmerink;Warmenhuizen;2006;1;;;;;;;;;;;
1024408;P. Vroon;Vroon P.;Hilversum;2006;1;;;;;;;;;;;
1024643;R.T. Meijer;R.t. Meijer;Schagen;2006;1;;;;;;;;;;;
1024407;M.M. Hijdendaal;M.m. Hijdendaal;Alkmaar;2006;1;;;;;;;;;;;
1024496;R.H. van den Berg;Huisartsenpraktijk Texelstroom B.v.;Den Helder;2006;1;;;;;;;;;;;
1024490;F. Roodenburg;Huisartsenpraktijk Roodenburg;Heemstede;2006;1;;;;;;;;;;;
1028148;I.C.J.P. Bergman;Bergman;Haarlem;2006;1;;;;;;;;;;;
1025393;D. Sanders;Huisartspraktijk Sanders;Zwanenburg;2006;1;;;;;;;;;;;
1024903;A.C. van de Vusse;Huisartspraktijk Van De Vusse;Heerhugowaard;2006;1;;;;;;;;;;;
1025377;M.E. Noor;Huisartsenpraktijk Noor;Heerhugowaard;2006;1;;;;;;;;;;;
1025345;J. Nagy;Huisartsenpraktijk Heemstede;Heemstede;2006;1;;;;;;;;;;;
1024668;A.C.D. van Loenen;Van Loenen Huisartsenpraktijk;Zaandam;2006;1;;;;;;;;;;;
1024433;C.A. Oudemans;Huisartsenpraktijk Oudemans;Amsterdam;2006;1;;;;;;;;;;;
1024462;N.C. Remmelzwaal;Dorpspraktijk Korte Cieweg;Bergen Nh;2006;1;;;;;;;;;;;
1026084;A. Akyuz;Huisartsenpraktijk Admiralengracht B.v.;Amsterdam;2006;1;;;;;;;;;;;
1024456;M.W. Heinsdijk;M.w. Heinsdijk Huisartsenpraktijk;Haarlem;2006;1;;;;;;;;;;;
1024461;M. Koster;Saendelft Huisartsenpraktijk;Assendelft;2006;1;;;;;;;;;;;
1024459;M. Thoolen;Thoolen Huisartsenpraktijk;Haarlem;2006;1;;;;;;;;;;;
1024747;D.C. Bischoff Tulleken;Huisartspraktijk Hoge Poel;Den Oever;2006;1;;;;;;;;;;;
1024389;D. Scholte;D. Scholte;Heerhugowaard;2006;1;;;;;;;;;;;
1024437;B. Jongens;Jongens;Amsterdam;2006;1;;;;;;;;;;;
1024751;E.F. Grep;Medicheck Services;Uithoorn;2006;1;;;;;;;;;;;
1024733;F. de Vries;Vries F. De;Amsterdam;2006;1;;;;;;;;;;;
1028746;V. Maric;Huisartsenpraktijk Daalwijk;Amsterdam;2007;11;;;;;;;;;;;
1027214;E. van de Beek;"Huisartsenpraktijk Anna&#039;s Hoeve";Hilversum;2007;11;;;;;;;;;;;
1026224;P.E. Speelman;Speelman Huisarts;Laren Nh;2007;9;;;;;;;;;;;
1026179;D. Fortuin;D. Fortuin;Diemen;2007;6;;;;;;;;;;;
1025781;J.L. van Beekveld;Huisartsenpraktijk Callantsoog;Callantsoog;2007;5;;;;;;;;;;;
1024872;J.G.M. Kroon;Huisartsenpraktijk Kroon;Den Helder;2007;5;;;;;;;;;;;
1027642;B. Emmerig;Huisartsenpraktijk Muiderberg;Muiderberg;2007;5;;;;;;;;;;;
1027915;R.J. Arendshorst;Huisartsenpraktijk R.j. Arendshorst;Amstelveen;2007;5;;;;;;;;;;;
1026228;M.J.O. Kreuger;Huisartsenpraktijk M.j.o. Kreuger;Bovenkarspel;2007;5;;;;;;;;;;;
1025415;A.E. Meijer;A.e. Meijer;Oosterblokker;2007;4;;;;;;;;;;;
1029009;M. Karami;M. Karami;Amsterdam;2007;3;;;;;;;;;;;
1025561;S. Ridha;Huisartsenpraktijk Ridha;Volendam;2007;2;;;;;;;;;;;
1025202;B. Schuurman;B. Schuurman, Huisarts;Weesp;2007;2;;;;;;;;;;;
1025207;F.A.J. Franke;F. Franke, Huisarts;Weesp;2007;2;;;;;;;;;;;
1025208;H. Demirkiran;Huisartsenpraktijk Demirkiran;Hoorn Nh;2007;2;;;;;;;;;;;
1024943;K.M. Walvis;Huisartsenpraktijk Walvis;De Rijp;2007;1;;;;;;;;;;;
1026919;G.J. Sterringa;Huisartsenpraktijk Sterringa;Amsterdam;2007;1;;;;;;;;;;;
1025054;Q.J. Morelis;Praktijk Morelis;Amsterdam;2007;1;;;;;;;;;;;
1024749;B. Weebers;Weebers B. Huisartsenpraktijk;Bussum;2007;1;;;;;;;;;;;
1025182;M.C. Dekeukeleire;Dekeukeleire;Amsterdam;2007;1;;;;;;;;;;;
1025020;F.O. Ogbuli;Huisartspraktijk Drs F Ogbuli;Amsterdam;2007;1;;;;;;;;;;;
1024787;A. Visser;Huisartspraktijk Visser Bergen;Bergen Nh;2007;1;;;;;;;;;;;
1024790;K. Kisman;Kisman;Bussum;2007;1;;;;;;;;;;;
1024756;A.M. van Es;Huisartsenpraktijk A.m. Van Es;Badhoevedorp;2007;1;;;;;;;;;;;
1024797;P.E.G. Gielen;Huisartsenpraktijk P.e.g. Gielen;Amstelveen;2007;1;;;;;;;;;;;
1024822;S.A. Timperley;Huisartsenpraktijk Timperley;Krommenie;2007;1;;;;;;;;;;;
1026005;W.I. van der Maarel;Huisartsenpraktijk Van Der Maarel;Castricum;2007;1;;;;;;;;;;;
1024852;W.M. ten Veen;Huisartsenpraktijk Ten Veen;Purmerend;2007;1;;;;;;;;;;;
1025688;A. ten Have;A Ten Have;Huizen;2007;1;;;;;;;;;;;
1024739;B.A. Wegerif-Broekmans;Wegerif;Heiloo;2007;1;;;;;;;;;;;
1024908;C.A. Wijmans;Huisartsenpraktijk Spierdijk Ca Wijmans;Spierdijk;2007;1;;;;;;;;;;;
1025399;A.L. Jubels;Huisartsenpraktijk Jubels;Hoofddorp;2007;1;;;;;;;;;;;
1024855;E. Ertas;E. Ertas;Alkmaar;2007;1;;;;;;;;;;;
1024717;C.J.M. Louter;C.j.m. Louter;Alkmaar;2007;1;;;;;;;;;;;
1026668;A.M. van Steen;Huisartspraktijk Van Steen;Schagen;2007;1;;;;;;;;;;;
1025139;E. Coster;Huisartsenpraktijk E. Coster B.v.;Kudelstaart;2007;1;;;;;;;;;;;
1024882;C.T. de Ruijter;C.t. De Ruijter;Nieuw-Vennep;2007;1;;;;;;;;;;;
1025524;M.N. Blank;Huisartsenpraktijk Blank;Haarlem;2007;1;;;;;;;;;;;
1026091;I. Bruinsel;Huisartsenpraktijk Bruinsel;Diemen;2008;11;;;;;;;;;;;
1027748;M. van Bruggen;M Van Bruggen;Alkmaar;2008;10;;;;;;;;;;;
1026944;J. Molkenboer;Praktijk Molkenboer;Amsterdam;2008;10;;;;;;;;;;;
1027109;M. Rietbergen;Huisartsenpraktijk Rietbergen;Assendelft;2008;10;;;;;;;;;;;
1026100;F. Sana-Zerouali;Huisartsenpraktijk Sana-Zerouali;Koog Aan De Zaan;2008;7;;;;;;;;;;;
1026573;T. Merlijn;Merlijn;Purmerend;2008;6;;;;;;;;;;;
1026526;E.A. Broekhuizen;Huisarts Ilpendam;Ilpendam;2008;6;;;;;;;;;;;
1027223;M.J. de Wit;Huisartspraktijk M.j. De Wit;Alkmaar;2008;6;;;;;;;;;;;
1027262;"M.S. van &#039;t Grunewold";"Huisartsenpraktijk Van &#039;t Grunewold";Amstelveen;2008;5;;;;;;;;;;;
1101868;S.C. Rabenberg;Huisartsenpraktijk Rabenberg;Bloemendaal;2008;5;;;;;;;;;;;
1026182;W. Gangadin;Huisartsenpraktijk Parkplantsoen;Amsterdam;2008;5;;;;;;;;;;;
1026973;W. Stehouwer;Huisartsenpraktijk Stehouwer;Bussum;2008;5;;;;;;;;;;;
1026436;B. Geels;Huisartsenpraktijk B. Geels;Amstelveen;2008;4;;;;;;;;;;;
1025677;L. Kemper;L Kemper;Middenbeemster;2008;3;;;;;;;;;;;
1025463;T. Makmel;Praktijk Van Nijenrodeweg;Aalsmeer;2008;2;;;;;;;;;;;
1025400;U. Cimen;Huisartspraktijk U. Cimen;Wervershoof;2008;1;;;;;;;;;;;
1027558;N.N. Besara;Besara;Amsterdam;2008;1;;;;;;;;;;;
1027660;S. Zahawi;S. Zahawi;Amsterdam;2008;1;;;;;;;;;;;
1025684;J.L. Keizer;Praktijk Keizer;Hilversum;2008;1;;;;;;;;;;;
1025754;C. Noordzij;Huisartsenpraktijk Noordzij;Heemskerk;2008;1;;;;;;;;;;;
1025136;B.J. Huber;Huisartsenpraktijk T Rak;Alkmaar;2008;1;;;;;;;;;;;
1028437;M.E. Poulen-Meyer;Huisartsenpraktijk Krommenie;Krommenie;2009;12;;;;;;;;;;;
1028908;S. Terol;S. Terol, Arts;Vijfhuizen;2009;10;;;;;;;;;;;
1029046;C.D. Spencer;C.d. Spencer, Huisarts;Schoorl;2009;10;;;;;;;;;;;
1026264;R. van de Sande;Huisartsenpraktijk Van De Sande;Wormer;2009;9;;;;;;;;;;;
1100226;A. Honig;A.d. Honig Huisarts;Amsterdam;2009;7;;;;;;;;;;;
1027278;K.A. Sultani;Huisartsenpraktijk Bangaerde;Zwaag;2009;7;;;;;;;;;;;
1026253;H. Sharafbayani-Bornmann;Huisartspraktijk H. Sharafbayani - Bornmann;Hoofddorp;2009;6;;;;;;;;;;;
1027009;J.J.B. Ruurda;Huisartspraktijk Ruurda;Heiloo;2009;5;;;;;;;;;;;
1100127;J. Swart;"Huisartsenpraktijk &quot;de Plantage&quot;";Amsterdam;2009;5;;;;;;;;;;;
1026339;T.H.F. Falke;Huisartsenpraktijk Falke;Amstelveen;2009;5;;;;;;;;;;;
1101060;G.M.T. van Soest;Haarlem Samen Gezond;Haarlem;2009;5;;;;;;;;;;;
1102547;E.P.H. Cremers;L Cremers, Huisarts;Amsterdam;2009;5;;;;;;;;;;;
1100472;C.C. Paris;Huisartsenpraktijk Paris;Beverwijk;2009;4;;;;;;;;;;;
1026858;G.J. Boersma;Boersma;Bloemendaal;2009;4;;;;;;;;;;;
1027244;T.M. Kruse-Obbens;Huisartsenpraktijk Delflandplein;Amsterdam;2009;4;;;;;;;;;;;
1027926;K.H.S. de Waard;Huisartsenpraktijk De Waard;Alkmaar;2009;4;;;;;;;;;;;
1029025;W.B. Vermeulen;W.b. Vermeulen, Huisarts;Amsterdam;2009;4;;;;;;;;;;;
1028804;R.A. de Boer;Huisartsenpraktijk Elft;Hippolytushoef;2009;2;;;;;;;;;;;
1025712;J. Stinissen;Huisarts Aan De Herengracht B.v.;Amsterdam;2009;1;;;;;;;;;;;
1101698;M.I. van der Meij;M.i. Van Der Meij, Huisarts;Aerdenhout;2009;1;;;;;;;;;;;
1101389;A.A. van Essen-Rubingh;Huisartsenpraktijk Antarus;Amsterdam;2009;1;;;;;;;;;;;
1026069;D. Oskam;D. Oskam;Ijmuiden;2009;1;;;;;;;;;;;
1026355;H.B.E. Vink;Huisartsenpraktijk Westzaan;Westzaan;2009;1;;;;;;;;;;;
1026069;D. Oskam;Huisartsenpraktijk D. Oskam;Ijmuiden;2009;1;;;;;;;;;;;
1026515;M. Urk;Huisartsenpraktijk Van Urk;Amsterdam;2009;1;;;;;;;;;;;
1026424;J.A. Jongebreur;Huisarts Jongebreur;Amsterdam;2009;1;;;;;;;;;;;
1026812;O. Mospan;Huisartspraktijk O.j. Mospan;Schagen;2010;11;;;;;;;;;;;
1026530;I.E.A. Roelofs;Huisartsenpraktijk Roelofs;Hoorn Nh;2010;9;;;;;;;;;;;
1026600;B. van Kralingen;B. Van Kralingen, Huisarts;Amstelveen;2010;9;;;;;;;;;;;
1029094;A.F. Sluis;Huisartsenpraktijk A.f.sluis;Amsterdam;2010;6;;;;;;;;;;;
1027715;S.D. Walschots;Huisartsenpraktijk S.d.walschots;Koedijk;2010;5;;;;;;;;;;;
1020454;H.L.M. van der Stap;H.l.m. Van Der Stap;Haarlem;2010;5;;;;;;;;;;;
1027649;A.E. Dijckmeester-Mur;Huisartsenpraktijk Hart Van Haarlem;Haarlem;2010;3;;;;;;;;;;;
1027556;A.M. Donner;Huisartsenpraktijk Driehuis;Driehuis Nh;2010;3;;;;;;;;;;;
1026258;R. Hijnens;Huisartsenpraktijk Hijnens;Haarlem;2010;2;;;;;;;;;;;
1027640;K. Sonnenschein;Huisartsenpraktijk Sonnenschein;Hilversum;2010;2;;;;;;;;;;;
1027968;S. de Groot;Gezondheidscentrum Andijk;Andijk;2010;2;;;;;;;;;;;
1101076;B.C.J. Elbers;Huisartsenpraktijk Elbers;Haarlem;2010;2;;;;;;;;;;;
1027165;P.R.H. Alders;Alders;Wieringerwerf;2010;2;;;;;;;;;;;
1100779;G. Spijkerman;Huisartsenpraktijk Spijkerman;Hoofddorp;2010;2;;;;;;;;;;;
1027138;T.J.H. van Esch;T.j.h. Van Esch;Petten;2010;2;;;;;;;;;;;
1027674;P. Zeldenrust;P. Zeldenrust, Huisarts. Huisartsenpraktijk Medistate.;Heemskerk;2010;2;;;;;;;;;;;
1026390;M.P. Husmann;Huisartspraktijk Husmann;Amsterdam;2010;1;;;;;;;;;;;
1026385;J.S. Huisman;Huisartsenpraktijk Huisman;Haarlem;2010;1;;;;;;;;;;;
1026382;M.D. Verwijs;Verwijs;Hoofddorp;2010;1;;;;;;;;;;;
1026326;R.H.G. Thung;R.h.g. Thung;Warmenhuizen;2010;1;;;;;;;;;;;
1026499;A.P. Haertlein;A.p. Haertlein;Monnickendam;2010;1;;;;;;;;;;;
1026381;D.E. Jabbour;Huisartsenpraktijk Keizersgracht B.v.;Amsterdam;2010;1;;;;;;;;;;;
1101583;J. Lengkeek;J. Lengkeek;Bergen Nh;2010;1;;;;;;;;;;;
1026357;G.V.A. Kerster;Huisartsenpraktijk Kerster;Amsterdam;2010;1;;;;;;;;;;;
1101016;M.L. Tas;Huisartsenpraktijk Tas;Laren Nh;2011;12;;;;;;;;;;;
1100847;M.I. van Grieken;Huisartspraktijk Van Grieken;Diemen;2011;11;;;;;;;;;;;
1027205;A.G. Voncken;Huisartsenpraktijk Amsteldorp;Amsterdam;2011;9;;;;;;;;;;;
1027573;A. el Bouch;Huisartsenpraktijk De Makroon Handelsnaam Kb Medicalservices;Amsterdam;2011;7;;;;;;;;;;;
1028441;A.J.E. Pals-Buis;Huisartsenpraktijk Butterhuizen,;Heerhugowaard;2011;6;;;;;;;;;;;
1100794;I.P. Wamelink;Huisartsenpraktijk Elise;Weesp;2011;6;;;;;;;;;;;
1100381;W.D. van Borssum Waalkes;Flo;Alkmaar;2011;5;;;;;;;;;;;
1027013;Q. Omarkhel;Huisartsenpraktijk Q. Omarkhel;Alkmaar;2011;5;;;;;;;;;;;
1028168;G.W. van Van Baarda -Roffel;Huisartsenpraktijk De Appel 2 B.v. I.o.;Hilversum;2011;5;;;;;;;;;;;
1028957;E.S. Nikulina;Huisartsenpraktijk Nikulina;Den Helder;2011;5;;;;;;;;;;;
1102085;M.J.K.D. Soeltan;Soeltan Medical Services;Amsterdam;2011;4;;;;;;;;;;;
1026976;A. Kloek;A. Kloek, Huisartsenpraktijk;Bloemendaal;2011;4;;;;;;;;;;;
1027136;W.J.N. Ouwendijk;Ouwendijk Huisarts;Nieuw-Vennep;2011;3;;;;;;;;;;;
1028174;I.H.W.M. Jans;Huisartsenpraktijk Amsterdam Noord/waterlandpl;Amsterdam;2011;3;;;;;;;;;;;
1028378;H. Jaihun;Huisartspraktijk Waterkering;Den Helder;2011;2;;;;;;;;;;;
1100282;M. Hooglugt-Meijboom;Huisartsenpraktijk Hooglugt;Heerhugowaard;2011;2;;;;;;;;;;;
1028176;V.S. Puite;Vs Puite;Haarlem;2011;2;;;;;;;;;;;
1027303;M.R. Verlaan;First Class Healthcare;Haarlem;2011;2;;;;;;;;;;;
1027553;G. Mackaij;Huisartsenpraktijk Zwaansvliet Bv;Amsterdam;2011;2;;;;;;;;;;;
1026800;J.B. van den Berg;Huisartsenpraktijk J.b. Van Den Berg;Haarlem;2011;1;;;;;;;;;;;
1027675;E. Bajramova;Huisartsenpraktijk E. Bajramova;Amsterdam;2012;12;;;;;;;;;;;
1101068;P.C. ter Avest;Petra Ter Avest;Amsterdam;2012;12;;;;;;;;;;;
1027687;M. Baraya-Hassan;M. Baraya;Amsterdam;2012;7;;;;;;;;;;;
1027949;M. Ahmed;Alhoda;Amsterdam;2012;6;;;;;;;;;;;
1028780;T.A.P.M. de Bruin;Huisarts De Bruin B.v.;Zuid-Scharwoude;2012;6;;;;;;;;;;;
1100458;E.E. Yumusak;Huisartsenpraktijk Plein 40-45;Amsterdam;2012;5;;;;;;;;;;;
1100487;J. Hoekstra;Huisartsenpraktijk Hoekstra;Castricum;2012;4;;;;;;;;;;;
1101187;M. Biesheuvel;Huisartsenpraktijk Biesheuvel;Ijmuiden;2012;3;;;;;;;;;;;
1028424;A.C. Verhaar;Huisartsenpraktijk A.c. Verhaar;Weesp;2012;2;;;;;;;;;;;
1027149;D.A. Assink;Huisartsenpraktijk Assink ;Hoorn Nh;2012;1;;;;;;;;;;;
1028245;S. Floris;Praktijk Noorderlingen;Amsterdam;2013;12;;;;;;;;;;;
1028245;S. Floris;Sf Huisartsenzorg;Amsterdam;2013;12;;;;;;;;;;;
1028933;V. Huijbens;Huisarts Vh;Assendelft;2013;10;;;;;;;;;;;
1028087;L.G. Nap;L.g. Nap;Amstelveen;2013;10;;;;;;;;;;;
1028151;C.M.E. Waasdorp-Delfos;Huisartsenpraktijk Waasdorp;Amstelveen;2013;10;;;;;;;;;;;
1028055;J.W.A. van der Sluijs;Van Der Sluijs Huisarts;Amsterdam;2013;8;;;;;;;;;;;
1100481;N. van Bergen;Huisartsenpraktijk Nieuw Noord;Zandvoort;2013;7;;;;;;;;;;;
1028165;M. Poelma;Huisarts Poelma;Hoorn Nh;2013;6;;;;;;;;;;;
1028840;N. Bruins;Huisartsenpraktijk Bruins;Hilversum;2013;5;;;;;;;;;;;
1100930;K.G. van Amerongen;Huisartsenpraktijk Frankendael;Amsterdam;2013;4;;;;;;;;;;;
1028367;H. Hutten;Huisartsenpraktijk Tuitjenhorn;Tuitjenhorn;2013;4;;;;;;;;;;;
1027919;J.M.A. Smit;Vijverhof;Haarlem;2013;4;;;;;;;;;;;
1029075;I. Veening;Huisartsenpraktijk Zeeburgereiland;Amsterdam;2013;3;;;;;;;;;;;
1100468;R. Vermeulen;Doktrv;Amsterdam;2013;3;;;;;;;;;;;
1027967;T. Bongers;Huisarts T. Bongers;Nieuw-Vennep;2013;1;;;;;;;;;;;
1028550;D.M. van Seggelen;Dvs Huisarts;Heemstede;2013;1;;;;;;;;;;;
1100373;E. Verheijen-Bloemer;Huisartsenpraktijk De Luit;Hoofddorp;2014;11;;;;;;;;;;;
1100810;P.M. Bilars;Huisartsenpraktijk P.m. Bilars;Heerhugowaard;2014;11;;;;;;;;;;;
1101123;M.N. Teeuwen;Huisartsenpraktijk Teeuwen;Amsterdam;2014;11;;;;;;;;;;;
1028401;D.S. Grootfaam;Grootfaam Medical;Amsterdam;2014;10;;;;;;;;;;;
1102960;M.J.P. Kruijer;Huisartspraktijk Kruijer;Amsterdam;2014;10;;;;;;;;;;;
1100007;S. Yaylali;Huisartsenpraktijk Yaylali;Amsterdam;2014;10;;;;;;;;;;;
1028828;J.J. van Raalte;Huisartsenpraktijk Van Raalte;Amsterdam;2014;10;;;;;;;;;;;
1101891;S.B. de Wit-Casaverde;Huisartspraktijk De Wit-Casaverde;Den Helder;2014;8;;;;;;;;;;;
1028777;A. Polinder;Op Uw Gezondheid;Amstelveen;2014;8;;;;;;;;;;;
1028490;S. Atif;Huisartsenpraktijk Kaaphoofd;Den Helder;2014;6;;;;;;;;;;;
1028490;S. Atif;Huisartsenpraktijk Kaaphoofd Bv;Den Helder;2014;6;;;;;;;;;;;
1029080;S.P. Hartong;Huisartsenpratijk Holland Park;Diemen;2014;5;;;;;;;;;;;
1101642;J.P. Heun;Heun Huisarts;Amsterdam;2014;4;;;;;;;;;;;
1028664;J. Wouters;Jeroen Wouters;Heemstede;2014;4;;;;;;;;;;;
1028420;A.H. Nadimzadeh;Nadimzadeh;Amstelveen;2014;3;;;;;;;;;;;
1028850;W.G.H. Bouwmans;Apotheekhoudende Huisartsenpraktijk Middenmeer;Middenmeer;2014;3;;;;;;;;;;;
1028197;C.D. van Aken;Huisartspraktijk C.d. Van Aken;Middenbeemster;2014;1;;;;;;;;;;;
1028426;C.S. Balk;Huisartspraktijk Balk;Purmerend;2014;1;;;;;;;;;;;
1101719;E.G.C. van der Aa;E.g.c. Van Der Aa;Overveen;2014;1;;;;;;;;;;;
1028752;M.L. Bos;Huisartspraktijk Bos;Weesp;2014;1;;;;;;;;;;;
1100736;C.M. Zwaag-Pijls;Huisartsenpraktijk Zwaag-Pijls;Amstelveen;2015;12;;;;;;;;;;;
1101365;T.J. van der Krieke;Tj Van Der Krieke;Alkmaar;2015;10;;;;;;;;;;;
1100374;M.N.E. Bakker;Huisartsenpraktijk Curtevenne;Kortenhoef;2015;8;;;;;;;;;;;
1100344;P.J. van Empel;Stichting Gezondheidscentrum Buiksloterham;Amsterdam;2015;6;;;;;;;;;;;
1100257;M.A.M. van Bree;Huisarts M.a.m. Van Bree;Haarlem;2015;5;;;;;;;;;;;
1101875;M. Huisbrink;Hp Huisbrink;Purmerend;2015;5;;;;;;;;;;;
1100141;P. Noordermeer;Pn Huisartsenzorg;Haarlem;2015;1;;;;;;;;;;;
1100121;I. Kranenburg;Huisartsenpraktijk Rivierstaete;Amsterdam;2015;1;;;;;;;;;;;
1101010;E.F. Weve;Wevecare;Aalsmeer;2015;1;;;;;;;;;;;
1100807;M. Glorie;Huisartsenpraktijk Glorie;Schagerbrug;2016;12;;;;;;;;;;;
1101811;J.M.A. ter Schure;Jts Medical;Ankeveen;2016;11;;;;;;;;;;;
1102632;S.G. Els;Huisarts Van Der Els Schoenmaker ;Naarden;2016;10;;;;;;;;;;;
1101406;A.A.H. Schalkwijk;Hummingbird Medical Services;Ouderkerk Aan De Amstel;2016;10;;;;;;;;;;;
1101490;D.K. Tabak;Dt Huisarts;Amsterdam;2016;10;;;;;;;;;;;
1102607;S.N.S. Soekhoe-Mahesh;Khushi Medical;Amsterdam;2016;5;;;;;;;;;;;
1101412;S.A. van Gellekom;"Praktijk &#039;t Kalf";Zaandam;2016;4;;;;;;;;;;;
1101252;M.A.E. Kelder;Huisarts M.a.e. Kelder;Nieuw-Vennep;2016;3;;;;;;;;;;;
1102060;A. Bosschieter;Huisartsenpraktijk Amstelkade;Amsterdam;2016;1;;;;;;;;;;;
1100797;A.A. Schoemaker;Huisartsenpraktijk De Nieuwe Vesting ;Naarden;2016;1;;;;;;;;;;;
1101513;P.A.M. van den Hoven;Evdh Waarnemend Huisarts;Amsterdam;2016;1;;;;;;;;;;;
1101589;W.M. Jacobs;Huisartspraktijk Jacobs;Den Helder;2017;12;;;;;;;;;;;
1101663;S. Meijnen;Nwk13 B.v.;Amsterdam;2017;12;;;;;;;;;;;
1101663;S. Meijnen;Fh60 B.v.;Amsterdam;2017;12;;;;;;;;;;;
1101680;R. Holtz;Huisartsenpraktijk Frans Halsstraat;Amsterdam;2017;12;;;;;;;;;;;
1101613;D.A. Heil;Huisartsenpraktijk De Roos;Zaandam;2017;11;;;;;;;;;;;
1101617;M.B. Roest;Huisartsenpraktijk Roest;Amsterdam;2017;11;;;;;;;;;;;
1101581;S. Overste;Huisartsenpraktijk Overste;Amsterdam;2017;10;;;;;;;;;;;
1101538;Y. Caspers;Y. Caspers, Waarnemend Huisarts;Amsterdam;2017;9;;;;;;;;;;;
1101254;D.R. Zwart;Huisartspraktijk Zwart;Heemskerk;2017;9;;;;;;;;;;;
1101486;J. de Vos;Gooise Huisartsen Huizen B.v.;Huizen;2017;8;;;;;;;;;;;
1101486;J. de Vos;Huisartspraktijk De Vos;Huizen;2017;8;;;;;;;;;;;
1101471;C.G. Ernsting;Fjall;Amsterdam;2017;8;;;;;;;;;;;
1101741;F.A. Pasmans;Fleur La Praticienne;Amsterdam;2017;6;;;;;;;;;;;
1101454;G. Geerlings;Maatschap Huisartsen Monnickendam;Monnickendam;2017;6;;;;;;;;;;;
1102080;J.R. Joseph;Huisartswaarneming J Joseph;Amstelveen;2017;2;;;;;;;;;;;
1101097;C.M. Dumoulin;Huisartsenpraktijk Roos En Beek ;Santpoort-Noord;2017;1;;;;;;;;;;;
1101224;J. Jacobs;Medicasa Waarneming;Amsterdam;2017;1;;;;;;;;;;;
1101237;S.H.O. Khachadurian;Maatschap S.h.o. Khachadurian En L.t.k. Krikorian ;Zwaag;2017;1;;;;;;;;;;;
1101405;N.A. Macleod Manuel;Huisartsenpraktijk Macleod;Hilversum;2017;1;;;;;;;;;;;
1101340;B. Buijs;Buijs Huisarts;Amstelveen;2017;1;;;;;;;;;;;
1101344;E.F. Berntsen;Ellen Berntsen;Amsterdam;2017;1;;;;;;;;;;;
1101349;J. van der Haar;Jh Waarneming;Amsterdam;2017;1;;;;;;;;;;;
1101111;J.V. Baart;Apeldoorn En Baart, Huisartsen;Uithoorn;2017;1;;;;;;;;;;;
1102181;R. Vossers;De Huisarts;Haarlem;2018;11;;;;;;;;;;;
1101933;M. Peters;Mp Huisarts;Hilversum;2018;11;;;;;;;;;;;
1102068;N.J. van der Zijl;Nj Van Der Zijl, Huisarts;Haarlem;2018;10;;;;;;;;;;;
1102358;E. Ceylan;Vitalius Medica;Amsterdam;2018;10;;;;;;;;;;;
1102379;G. Faber;Gf Zorg;Amsterdam;2018;10;;;;;;;;;;;
1102000;A.I. de Leij;Idacare Waarneming;Amsterdam;2018;7;;;;;;;;;;;
1102093;H.P. de Jong;Huisartspraktijk Hoofdweg 366;Amsterdam;2018;5;;;;;;;;;;;
1102170;A.A. Mirrezai Roudaki;Mirrezai;Amsterdam;2018;4;;;;;;;;;;;
1101864;M.M. Beshay;Beshay Huisartsenzorg;Bergen Nh;2018;4;;;;;;;;;;;
1102011;K. Verkaar;Kvcare;Haarlem;2018;3;;;;;;;;;;;
1101836;M. van Deutekom-Zakko;M. Van Deutekom-Zakko;Amsterdam;2018;3;;;;;;;;;;;
1103039;G.M. van Haaften;G.m. Van Haaften;Bloemendaal;2018;2;;;;;;;;;;;
1102087;W.H. Steketee-Kluppel;W.h. Steketee;Haarlem;2018;1;;;;;;;;;;;
1102791;M.S. Bennis;Huisartsenpraktijk Bangert En Oosterpolder;Zwaag;2018;1;;;;;;;;;;;
1102613;P. Bindels;Pb Waarnemend Huisarts;Amsterdam;2018;1;;;;;;;;;;;
1101973;B. Hamers;Huisartsenpraktijk Hamers;Krommenie;2018;1;;;;;;;;;;;
1102333;G. Nagan;Drs.g.nagan, Huisarts - Vitalis Services;Amsterdam;2019;11;;;;;;;;;;;
1102808;L.H.W. van der Laak;Gpl Multicare;Amsterdam;2019;11;;;;;;;;;;;
1102894;J. de Boer;Dokterjwaarnemingen;Haarlem;2019;11;;;;;;;;;;;
1102554;M. Nooralishahi;Mahsa Nooralishahi;Amsterdam;2019;9;;;;;;;;;;;
1102709;J. Bouman;Jonathan Bouman;Amsterdam;2019;9;;;;;;;;;;;
1102505;S. Ouchan;Huisartsenpraktijk Ouchan;Amsterdam;2019;8;;;;;;;;;;;
1102545;P.S. Land;Huisarts Land;Amsterdam;2019;8;;;;;;;;;;;
1102532;A.J. Stam;Js.medico;Heemstede;2019;7;;;;;;;;;;;
1102389;J.H.J. Feenstra-Stroeve;Huisartsenpraktijk Stroeve ;Edam;2019;7;;;;;;;;;;;
1102478;M. ter Borg;Mtb Waarneming;Badhoevedorp;2019;6;;;;;;;;;;;
1102631;L.M.J. de Haas;L. De Haas;Alkmaar;2019;6;;;;;;;;;;;
1103248;F.M. van de Griendt;Fvdg Waarnemingen;Amsterdam;2019;5;;;;;;;;;;;
1102696;E.M.M. Riedl;Emm Riedl;Weteringbrug;2019;4;;;;;;;;;;;
1102385;R.E. van Paaschen;Roos Waarnemend Huisarts;Haarlem;2019;3;;;;;;;;;;;
1102352;E.A. Elmendorp;Medica Optima;Amsterdam;2019;3;;;;;;;;;;;
1102727;A.B. L\xc3\xbcchinger;Huisarts L\xc3\xbcchinger;Amsterdam;2019;3;;;;;;;;;;;
1102325;S. Pacio-Wajon;Spw Waarnemend Huisarts;Hoofddorp;2019;2;;;;;;;;;;;
1102376;S. Zoakman;Huisartsenpraktijk Zoakman;Amsterdam;2019;1;;;;;;;;;;;
1102265;C. Huisman;C. Huisman, Huisarts;Badhoevedorp;2019;1;;;;;;;;;;;
1102228;M. Bookholt;Mb Huisarts;Amsterdam;2019;1;;;;;;;;;;;
1103327;E.M. Voermans;Ev Huisartsenzorg;Schoorl;2020;8;;;;;;;;;;;
1102983;D. van der Stap;Huisartsenpraktijk De Ringvaart;Vijfhuizen;2020;6;;;;;;;;;;;
1103098;D.A. de Groot;Viever;Amstelveen;2020;6;;;;;;;;;;;
1102805;R.J. Chesters;Huisartspraktijk Chesters;Akersloot;2020;1;;;;;;;;;;;
1102914;J. Davelaar;Huisartsenpraktijk Davelaar;Heemskerk;2020;1;;;;;;;;;;;
1103104;F.G. Thoolen;Huisartspraktijk Schoten;Haarlem;2020;1;;;;;;;;;;;
1103159;E. Brandse - Van Gils;Huisartsenpraktijk Brandse;Amstelveen;2021;1;;;;;;;;;;;
1103181;J.J. Kramer;Huisartsenpraktijk J.j. Kramer;Westzaan;2021;1;;;;;;;;;;;